user_id,start,stop,evenness,richness,no_posts,event
142,0,2,0.811278124459133,2,4,0
142,2,3,0.322756958897398,2,17,0
142,3,6,0.166163360333695,8,241,0
142,6,7,,1,2,1
420,0,1,0.486033796398861,12,222,0
420,1,2,0.284939708931663,8,89,1
76,0,1,0.888289588907657,22,89,0
76,1,2,0.885206567461205,23,129,0
76,2,3,0.867780415955295,10,26,0
76,3,4,0.891080902665589,30,184,0
76,4,5,0.839609789971857,39,179,0
76,5,6,0.84574132681704,34,191,0
76,6,7,0.882996656683915,36,224,1
392,0,2,0.577986998915338,4,28,0
392,2,3,,1,44,1
4,0,1,0.595962992484049,11,121,0
4,1,2,0.473116936151645,5,65,0
4,2,3,0.626657481631542,4,79,0
4,3,4,0.483487894106305,6,129,0
4,4,5,0.819448371872804,3,8,0
4,5,6,0.864057721792457,4,36,0
4,6,7,0.84835636132567,7,37,0
4,7,8,0.653539186404809,9,191,0
4,8,9,0.878863309119385,5,27,0
4,9,11,0.804801587621034,8,85,0
4,11,12,0.952819531114783,4,8,0
4,12,13,,1,1,0
4,13,18,0.82282810405085,13,46,0
4,18,20,0.654808781495156,17,87,0
4,20,23,0.633148125974072,22,279,0
4,23,24,0.786156261352081,11,53,0
4,24,31,0.462418292530141,49,2347,0
4,31,32,0.803091598572039,24,108,0
4,32,33,0.85849806688802,17,47,0
4,33,37,0.515231626263231,65,1205,1
188,0,1,0.579527388487855,14,87,0
188,1,2,0.716894444380272,11,64,0
188,2,3,0.738803679070748,24,124,0
188,3,4,0.809382719837751,15,93,0
188,4,5,0.568555762910425,17,203,0
188,5,6,0.670114094084303,18,242,0
188,6,7,0.632697513642412,22,235,0
188,7,8,0.493864183728034,12,143,0
188,8,9,0.785206979254744,19,58,0
188,9,10,0.653851259219518,12,76,0
188,10,11,0.644598411634697,23,99,0
188,11,12,0.674959128531469,26,180,0
188,12,13,0.742704949922656,20,187,0
188,13,14,0.625130147909492,16,121,0
188,14,15,0.660369954430136,14,84,0
188,15,16,0.673615435398555,18,100,0
188,16,17,0.822816902327011,16,105,0
188,17,18,0.752649721126396,18,102,0
188,18,19,0.769801745556973,14,56,0
188,19,20,0.808813707097555,16,73,0
188,20,21,0.773648703569447,16,67,0
188,21,22,0.854627110849698,19,104,0
188,22,23,0.820542599487503,14,57,0
188,23,24,0.791097477537522,19,116,0
188,24,25,0.739062134595414,18,151,0
188,25,26,0.821541407548755,24,120,0
188,26,27,0.755379597833649,19,178,0
188,27,28,0.781505277723037,13,44,1
334,0,2,0.52234078961468,4,40,0
334,2,3,0.918295834054489,2,6,1
384,0,1,0.724499714302897,3,139,1
242,0,1,0.714028067683784,3,207,0
242,1,2,0.722124169716986,3,158,0
242,2,3,0.488864980112737,6,198,0
242,3,4,0.797087915841773,5,56,1
48,0,2,0.533052735214244,3,45,1
304,0,1,0.970950594454669,2,5,0
304,1,2,0.745557425027593,4,11,0
304,2,3,0.896240625180289,4,6,0
304,3,6,0.703816183667801,10,36,0
304,6,7,0.829148509675632,14,36,0
304,7,8,0.73855462237435,12,55,0
304,8,11,0.82929398104725,25,86,0
304,11,12,0.889569776389376,11,25,0
304,12,13,,1,3,1
222,0,1,0.932851690679013,3,39,0
222,1,2,0.894964537655,4,11,1
5,0,2,0.828491525403818,6,13,0
5,2,4,0.548768919920977,4,18,0
5,4,5,0.864207717470775,5,26,0
5,5,6,0.630453146010575,6,41,0
5,6,8,0.682000571463422,7,28,1
313,0,3,0.703753477990163,5,19,0
313,3,4,0.687577786744805,6,26,0
313,4,5,0.8043461359047,5,11,1
396,0,1,0.244022305248466,10,172,0
396,1,2,0.3225274150072,7,67,0
396,2,3,,1,10,1
101,0,1,0.813788292226772,12,151,0
101,1,2,0.782186354731798,9,194,1
380,0,1,,1,1,0
380,1,2,0.811278124459133,2,4,0
380,2,3,0.315254361765057,8,201,0
380,3,4,0.341449639857113,7,86,0
380,4,9,,1,1,0
380,9,10,,1,6,1
178,0,1,0.309543429150325,2,18,1
339,0,1,0.632546396929044,6,33,0
339,1,2,0.773705614469083,6,16,1
348,0,1,0.788992705408867,34,114,0
348,1,2,0.854051022990043,27,76,0
348,2,4,0.821147636992249,30,97,0
348,4,5,0.797770570613962,20,68,0
348,5,11,0.765679608739294,26,95,1
331,0,1,0.270227057279475,5,217,0
331,1,6,0.275040108339905,20,448,0
331,6,7,0.505089890353601,12,111,0
331,7,8,0.29959773964923,8,161,0
331,8,9,0.496629641672264,14,133,0
331,9,12,0.41231161396905,15,170,0
331,12,14,0.554066567718106,35,209,0
331,14,15,0.661029637861553,21,111,0
331,15,16,0.66604705761289,22,110,0
331,16,17,0.50955244110762,23,127,0
331,17,18,0.654227828941421,19,79,0
331,18,20,0.542647056923698,39,256,0
331,20,22,0.628292354005462,19,125,0
331,22,23,0.661351826043286,17,76,0
331,23,24,0.700638009156809,19,78,0
331,24,25,0.73445945425844,24,120,0
331,25,26,0.760937862283779,18,80,1
204,0,1,0.811278124459133,2,8,1
21,0,1,,1,15,1
244,0,5,0.864973520717927,3,5,0
244,5,8,0.819852337668423,11,36,0
244,8,9,0.823252879943106,5,22,0
244,9,10,0.751568600103629,8,54,0
244,10,11,0.799439169150932,11,37,1
153,0,1,0.088879695684576,2,89,0
153,1,2,0.162326180175393,2,42,0
153,2,3,,1,11,0
153,3,30,,1,41,1
104,0,1,,1,2,0
104,1,11,0.669422695184438,20,88,0
104,11,20,0.855287887470822,23,47,1
278,0,1,,1,3,0
278,1,2,0.958711882977132,2,21,0
278,2,3,0.650022421648354,2,12,0
278,3,4,0.87987683109053,5,22,0
278,4,5,0.618549155337792,4,47,0
278,5,6,0.498972644335208,7,88,0
278,6,7,0.826746372492618,2,50,0
278,7,33,0.775940507532418,65,391,0
278,33,34,0.763701023752105,34,151,0
278,34,36,0.747505337208873,17,62,0
278,36,37,0.745757765795947,29,90,0
278,37,38,0.818100001921376,23,71,0
278,38,40,0.632110304267698,58,386,0
278,40,41,0.768582729356035,14,77,1
448,0,1,0.507747270903137,8,41,1
77,0,1,0.108023195263628,2,70,0
77,1,2,0.110580844769887,2,68,0
77,2,3,0.055919636698743,2,156,0
77,3,4,0.571342371680388,9,86,0
77,4,5,0.232552830961579,5,76,0
77,5,6,0.138111559958952,4,85,0
77,6,7,,1,31,1
214,0,2,,1,1,0
214,2,4,0.973976031629121,8,10,0
214,4,5,0.962961064794514,5,7,0
214,5,6,0.969723899868247,5,6,0
214,6,7,1,2,2,0
214,7,11,0.904178515260192,12,20,0
214,11,13,0.976614668672713,9,11,0
214,13,16,0.973100571185884,19,25,1
53,0,1,0.371232326640876,2,14,1
127,0,1,0.621629720950067,24,202,1
441,0,1,0.489584313700853,8,73,1
275,0,1,,1,4,1
117,0,1,0.338242070089831,6,149,1
134,0,1,0.545287125742268,5,98,0
134,1,2,0.347056803949303,8,282,0
134,2,3,0.254225673262442,8,228,1
114,0,1,0.544243855041533,9,70,0
114,1,2,0.889209301272483,14,38,0
114,2,3,0.878144106310474,21,95,1
208,0,1,0.348266635966648,7,150,0
208,1,2,0.526806990780073,4,69,1
316,0,1,0.853977110719781,7,30,1
156,0,1,0.46932091300111,7,62,0
156,1,2,0.607313170145521,8,45,0
156,2,3,,1,5,1
205,0,1,,1,5,1
157,0,1,0.852405178649479,2,18,0
157,1,2,,1,4,0
157,2,4,,1,2,0
157,4,17,,1,2,0
157,17,21,0.721928094887362,2,10,0
157,21,22,,1,1,0
157,22,23,0.863120568566631,2,7,1
211,0,1,0.736988221900958,3,34,0
211,1,3,,1,3,0
211,3,6,0.590593090143149,5,25,1
68,0,1,0.649604437014281,22,161,1
274,0,1,0.886682880001534,5,9,0
274,1,2,0.573603335031636,6,42,0
274,2,4,0.53811325280606,5,21,0
274,4,5,0.6418792126537,9,53,0
274,5,6,0.90999076659212,14,29,0
274,6,7,0.734402612596748,11,35,0
274,7,8,0.763070913845127,15,58,0
274,8,9,0.79737981190839,14,44,0
274,9,10,0.847756040679911,9,19,0
274,10,11,0.942379352772432,7,14,0
274,11,12,0.766356131382634,5,21,0
274,12,13,0.814838104248358,5,13,0
274,13,14,0.917209722462608,8,12,0
274,14,15,0.827909826498807,8,46,0
274,15,16,0.843446858252892,11,41,0
274,16,17,0.798069017352726,10,43,0
274,17,18,0.704956142568874,19,86,0
274,18,19,0.745076005292549,15,57,0
274,19,20,0.935490697259477,16,29,0
274,20,21,0.682684725677485,12,50,0
274,21,22,0.545486379125714,7,31,0
274,22,23,0.852685787936278,10,21,0
274,23,24,0.437680065295167,10,65,0
274,24,25,0.751756581617286,12,46,0
274,25,26,0.622618912043404,8,53,0
274,26,28,0.746320568147054,15,55,0
274,28,33,0.969723899868247,5,6,1
216,0,1,0.883727020236695,23,54,0
216,1,2,0.904204308540036,10,20,0
216,2,23,0.83211087066726,16,41,0
216,23,24,,1,2,0
216,24,25,0.591672778582327,2,7,0
216,25,26,1,2,2,1
59,0,1,0.688079267306492,54,372,0
59,1,2,0.862203972597806,31,98,0
59,2,3,0.803997454195651,33,124,0
59,3,5,0.923125712426806,24,45,0
59,5,6,0.890626646072366,9,20,0
59,6,9,0.815915889173711,13,32,1
252,0,13,0.683491224832367,9,32,0
252,13,14,1,2,2,0
252,14,16,0.69801751787936,4,66,1
144,0,2,,1,1,0
144,2,3,,1,77,0
144,3,4,,1,109,0
144,4,5,,1,144,0
144,5,6,,1,193,0
144,6,7,0.030836046303708,2,316,0
144,7,8,0.038403573725982,2,244,1
366,0,1,,1,1,0
366,1,3,0.297146191189403,4,92,1
292,0,1,,1,37,1
413,0,1,0.497074802659761,9,149,1
267,0,1,0.399028128263552,7,93,0
267,1,2,1,2,4,1
75,0,8,0.846696424843433,21,315,0
75,8,9,0.413816850303634,2,12,1
272,0,1,,1,9,1
363,0,1,0.852405178649479,2,18,0
363,1,2,0.721928094887362,2,5,0
363,2,3,,1,5,0
363,3,4,,1,2,0
363,4,9,0.853348470414961,7,31,1
258,0,10,0.706278423698678,10,47,0
258,10,11,0.750905446724537,12,45,0
258,11,12,0.791564716146289,13,72,0
258,12,13,0.602549921601422,10,57,0
258,13,14,0.921185496588554,4,7,0
258,14,18,0.729818247780448,8,33,0
258,18,19,0.780072483549618,6,23,0
258,19,20,0.7305883624743,9,57,1
91,0,5,0.252239448210989,3,32,0
91,5,6,0.345132376407742,4,66,0
91,6,7,0.172657031416369,3,52,1
120,0,1,0.381003152263517,4,38,0
120,1,2,0.299745318585824,5,38,1
150,0,1,0.682048207723911,23,160,1
368,0,1,0.699662381838318,18,161,1
408,0,5,0.27675913355232,6,278,0
408,5,6,0.58377141429755,3,47,0
408,6,7,,1,1,1
70,0,6,0.249882292833185,2,48,0
70,6,7,0.688125304388429,3,88,0
70,7,8,0.63650482741775,4,48,0
70,8,9,0.733304968882388,3,55,0
70,9,10,0.904541138847092,3,80,0
70,10,11,0.666634806669368,7,33,0
70,11,12,0.819339999989804,6,14,0
70,12,13,0.413816850303634,2,12,0
70,13,14,0.847983610934618,6,13,1
92,0,1,0.738208874898732,3,30,1
410,0,1,0.634178463988663,8,91,0
410,1,2,0.725608154719766,3,74,0
410,2,3,0.694277778152483,8,49,0
410,3,4,0.782775952814142,3,11,1
217,0,1,0.584951779889628,6,45,0
217,1,2,0.933816945485606,4,11,0
217,2,3,0.886859507142915,3,8,0
217,3,4,0.969723899868247,5,6,0
217,4,5,0.72483409150576,3,7,1
180,0,1,0.577925538521418,9,61,0
180,1,2,,1,13,1
254,0,1,0.788749910713991,3,47,1
232,0,1,0.942631203937882,5,12,0
232,1,11,0.241599569972992,10,222,1
253,0,1,,1,5,1
265,0,1,0.453716339186945,2,21,1
58,0,1,0.81751953118667,3,13,1
341,0,1,0.923710060026087,4,19,0
341,1,2,,1,5,1
228,0,2,0.456452612557897,3,186,0
228,2,3,0.245511412729389,4,275,0
228,3,4,0.478250164107114,2,204,0
228,4,5,0.254694704669828,2,117,0
228,5,6,0.113074180336399,3,88,0
228,6,7,,1,15,1
206,0,1,0.162326180175393,2,42,0
206,1,2,0.787126586201269,2,17,1
110,0,1,0.918295834054489,2,3,0
110,1,2,0.748463773057295,4,17,0
110,2,3,0.807574985963281,5,17,0
110,3,4,0.930628224416578,6,8,1
236,0,1,,1,3,0
236,1,2,0.133039648610699,2,54,0
236,2,3,0.381010728125633,4,67,0
236,3,4,0.208180945557171,2,61,0
236,4,5,0.086504214121346,2,92,0
236,5,6,,1,37,0
236,6,7,,1,52,0
236,7,8,0.303374836086414,2,37,0
236,8,9,,1,7,0
236,9,10,,1,1,0
236,10,11,0.371232326640876,2,14,0
236,11,12,0.456072555283844,3,21,0
236,12,13,0.439496986921513,2,11,0
236,13,14,0.371232326640876,2,14,0
236,14,15,,1,1,0
236,15,16,,1,16,0
236,16,17,0.391243563629256,2,13,1
148,0,1,0.666717928666116,63,1019,0
148,1,2,0.806600797210356,22,146,1
6,0,2,0.722852904657247,5,24,0
6,2,3,0.830386649572546,5,21,0
6,3,5,0.828061239926396,8,20,0
6,5,6,0.969723899868247,5,6,0
6,6,7,1,2,2,0
6,7,9,0.783005060350725,7,23,0
6,9,10,0.694988347796216,5,17,0
6,10,11,0.881759865063563,7,24,0
6,11,12,0.893294132402147,5,14,0
6,12,13,0.979569764547061,7,8,0
6,13,14,0.933448096296134,13,27,0
6,14,15,0.867427822460366,11,32,0
6,15,16,0.940958390089299,7,18,0
6,16,18,0.856508605354124,5,18,0
6,18,19,0.828285628900495,5,20,0
6,19,20,0.662230146650821,4,16,0
6,20,21,0.616248580728692,7,29,0
6,21,22,1,2,8,0
6,22,24,0.869989514764442,11,32,0
6,24,25,0.810209408138859,6,24,0
6,25,27,0.903558091091786,7,17,0
6,27,29,0.978347485907939,10,16,0
6,29,30,0.879561313310002,7,17,0
6,30,31,0.832447330291019,8,19,0
6,31,32,0.876757454767347,9,21,0
6,32,33,0.859297508333207,6,12,0
6,33,34,0.924799156782566,8,16,0
6,34,35,1,2,2,0
6,35,38,0.933510035736515,6,11,0
6,38,40,0.807518546387612,5,16,0
6,40,43,0.897662296573476,6,21,0
6,43,45,0.63246497608876,5,28,0
6,45,46,0.714397367002393,4,19,1
183,0,2,0.773222234736962,32,106,0
183,2,3,0.787746248710714,28,100,0
183,3,8,0.829419025583834,86,444,0
183,8,10,0.85273323356041,38,98,0
183,10,15,0.867669988670447,100,378,0
183,15,16,0.881573155852881,44,127,1
51,0,1,0.337290066617014,2,16,1
85,0,1,0.280698963544778,12,236,0
85,1,2,0.310294407853098,5,69,1
199,0,3,0.300556703479833,22,347,0
199,3,4,0.46057278405011,17,168,0
199,4,6,0.344085151755753,11,131,1
359,0,2,0.869557288557584,14,29,0
359,2,3,0.83881471987961,9,34,0
359,3,4,0.791264720985649,12,45,0
359,4,5,0.84394411463116,13,36,1
395,0,1,0.48545088516063,6,56,0
395,1,2,0.729601562642451,9,35,1
325,0,1,0.316636473406775,7,303,0
325,1,2,0.38308507559834,7,287,0
325,2,3,0.522743749050635,4,281,0
325,3,4,0.428505977392374,7,164,1
52,0,1,0.442577513605011,4,39,1
151,0,9,0.755287997682469,14,71,1
263,0,1,0.508699924041276,10,1212,1
72,0,1,0.238684511351001,2,51,1
367,0,1,0.769564989854281,8,40,1
456,0,5,0.286396957115956,2,20,0
456,5,6,,1,4,0
456,6,7,1,2,2,0
456,7,8,0.617297407231951,6,176,0
456,8,9,0.633802689338371,10,259,0
456,9,10,0.796329009782527,9,196,0
456,10,11,0.578100849828482,8,115,0
456,11,12,0.691229139884466,11,85,1
251,0,1,0.340742456598042,6,87,0
251,1,2,0.574011081787913,3,45,0
251,2,3,,1,41,0
251,3,4,0.53802840667146,4,35,0
251,4,5,0.714510175215622,4,56,1
112,0,1,0.633598743623518,6,160,0
112,1,2,0.543564443199596,2,8,1
100,0,1,0.516443014399278,9,97,1
73,0,1,,1,13,0
73,1,2,,1,7,0
73,2,10,0.591672778582327,2,7,0
73,10,17,1,2,8,1
207,0,1,0.77917241549884,13,77,0
207,1,2,0.691369830202511,3,11,1
165,0,1,0.886299758964257,5,18,0
165,1,2,0.923967457346186,8,17,0
165,2,20,0.753407371939675,39,182,1
152,0,1,0.310822964058072,3,181,0
152,1,7,0.83569044958035,5,39,1
78,0,1,0.629432425967521,3,46,0
78,1,2,0.619324333549731,3,71,0
78,2,3,0.702351701907669,4,79,0
78,3,4,0.855190728946011,3,65,0
78,4,5,0.61705911415396,3,34,1
350,0,1,0.863120568566631,2,21,0
350,1,2,0.094084438832674,2,166,0
350,2,3,,1,35,1
411,0,1,0.506154234270333,14,128,1
81,0,2,0.918295834054489,2,6,0
81,2,3,0.77250688571426,3,9,1
160,0,2,0.889193228860072,11,19,0
160,2,3,0.790809767534791,14,34,0
160,3,6,0.825068067045067,28,117,0
160,6,15,0.636099380743752,42,404,0
160,15,17,0.832091803949486,30,85,0
160,17,19,0.701166209106574,17,97,0
160,19,20,0.827524459414252,15,33,0
160,20,21,0.861193467459848,17,45,0
160,21,22,0.684094481779269,17,68,0
160,22,23,0.826337156139636,20,65,0
160,23,24,0.784980688036757,16,95,0
160,24,25,0.612384089402304,23,179,0
160,25,26,0.33853649113345,16,333,1
447,0,1,,1,4,0
447,1,2,,1,9,0
447,2,3,0.918295834054489,2,15,0
447,3,5,0.844695873371544,4,14,0
447,5,6,0.723308333814104,4,9,0
447,6,7,0.646275587350709,8,57,0
447,7,8,0.313812964168865,2,53,0
447,8,9,0.570627868350066,5,84,0
447,9,10,0.321816800073589,6,94,0
447,10,11,0.452863585259039,13,145,0
447,11,12,0.518187944766415,12,137,0
447,12,13,0.567890562588451,7,85,0
447,13,14,0.59820575420812,4,51,0
447,14,15,0.742256410700564,12,60,0
447,15,16,0.515695403308736,13,83,0
447,16,17,0.478382854183157,4,22,0
447,17,18,1,2,4,0
447,18,19,,1,6,1
31,0,1,0.573792777606179,4,721,0
31,1,2,0.61884772368406,3,87,1
173,0,1,0.181166401553546,2,73,1
47,0,1,0.576805908848316,8,47,0
47,1,2,0.605627757130404,7,56,0
47,2,3,0.808016875334145,7,34,1
280,0,1,,1,158,0
280,1,2,,1,104,1
431,0,1,0.133146330471592,4,289,0
431,1,2,0.15646452644941,6,520,1
419,0,1,,1,5,1
430,0,1,0.701206584453967,2,79,1
345,0,1,0.709787175169589,12,28,1
56,0,2,0.371232326640876,2,14,0
56,2,3,0.721928094887362,2,5,1
193,0,1,0.200622324312715,2,32,1
15,0,1,,1,29,0
15,1,2,,1,3,0
15,2,3,,1,8,1
391,0,1,0.537376085337734,2,57,1
247,0,1,0.721928094887362,2,25,0
247,1,2,,1,3,1
453,0,1,0.320587762552149,33,505,0
453,1,2,0.579772373357801,6,32,1
343,0,1,0.629457108079158,7,46,1
8,0,49,0.670516075487626,87,5745,1
12,0,1,0.863120568566631,2,14,1
382,0,1,0.970950594454669,2,5,0
382,1,5,0.902963924855144,10,15,0
382,5,10,0.675311063116723,17,99,0
382,10,12,0.802038368330712,17,73,0
382,12,13,0.720555991832542,17,86,0
382,13,16,0.896262700093636,11,23,0
382,16,20,0.751351521836694,5,19,1
225,0,1,0.548265852419419,5,34,0
225,1,2,0.658884421812328,10,204,0
225,2,3,0.807127739276311,12,84,1
255,0,3,0.716518357917332,4,35,0
255,3,4,0.509134369263277,6,71,1
323,0,2,0.851974705565399,40,111,0
323,2,3,0.946810973263687,25,43,0
323,3,4,0.83748199599663,39,96,1
284,0,1,0.599397728801338,11,240,1
26,0,1,0.125658050172567,2,58,0
26,1,2,0.49097287039581,9,92,0
26,2,3,0.895095574888756,12,25,0
26,3,4,0.908733748979391,12,39,0
26,4,6,0.871985445465304,17,54,1
197,0,1,0.700935477424213,13,91,0
197,1,2,0.716927323589311,28,234,0
197,2,3,0.660211045200478,19,119,0
197,3,5,0.750936231616507,35,291,0
197,5,7,0.631281594191465,5,19,1
285,0,1,0.525923926978441,8,96,0
285,1,2,0.82159699461528,6,47,0
285,2,3,0.833500736131444,11,84,0
285,3,4,0.703400027572522,6,22,0
285,4,7,0.636740165818663,26,346,0
285,7,8,0.804488891087011,5,19,1
38,0,1,0.723311457463409,5,236,0
38,1,2,0.953845466991505,3,103,1
172,0,1,0.195063919519842,7,174,1
454,0,1,0.695868872447306,6,16,0
454,1,3,0.885016846472592,8,19,0
454,3,4,0.881965046289366,34,72,0
454,4,11,0.859329286891617,59,169,1
107,0,1,0.777705677584139,18,107,0
107,1,2,0.707816600578583,14,84,0
107,2,3,0.725675393336225,7,45,1
300,0,1,,1,2,0
300,1,2,,1,5,1
192,0,1,0.764676347033744,5,17,0
192,1,2,0.754029454868228,6,18,0
192,2,3,0.978836025464497,3,29,0
192,3,5,0.782752977055175,14,75,0
192,5,6,0.790084605477207,8,28,1
233,0,1,0.67315652720635,16,53,0
233,1,2,0.404859513439966,32,262,0
233,2,3,0.356831734995524,17,217,0
233,3,4,0.224274729885608,12,180,0
233,4,5,0.378205940554614,17,141,0
233,5,6,0.428601971663978,8,86,0
233,6,7,0.324565720620711,7,45,1
105,0,2,,1,14,1
299,0,3,0.636646033408161,10,127,0
299,3,4,0.824017821222083,19,196,0
299,4,5,0.854405850837165,43,295,0
299,5,6,0.850878575883169,53,312,0
299,6,7,0.91824086692222,34,120,1
96,0,4,0.642990927926848,4,29,0
96,4,5,0.920619835714305,3,6,1
446,0,1,0.576217395521696,3,19,0
446,1,5,0.604248410629077,7,31,0
446,5,6,0.559559711562836,4,22,0
446,6,7,0.762706906537766,5,10,0
446,7,8,,1,6,1
18,0,1,0.684038435639042,2,11,1
452,0,2,0.838368515026066,4,11,0
452,2,5,0.91014159264798,5,9,0
452,5,6,0.960229717860761,3,5,0
452,6,7,0.962961064794514,5,7,0
452,7,9,0.788700320524538,6,19,0
452,9,10,0.896240625180289,4,6,0
452,10,11,0.720493040054508,5,11,0
452,11,12,0.847983610934618,6,13,0
452,12,13,0.746442266513127,10,25,0
452,13,14,0.690910660267727,7,39,0
452,14,15,0.772386546669413,6,33,0
452,15,16,0.816523713362017,7,30,1
169,0,3,0.761571669870713,28,319,0
169,3,4,0.791314850262962,22,143,0
169,4,5,0.736697647540044,26,262,0
169,5,6,0.428992628979846,28,337,0
169,6,7,0.591834601474099,23,224,0
169,7,8,0.674023724443932,23,232,1
57,0,1,0.468995593589281,2,10,0
57,1,2,0.708321139047826,4,20,0
57,2,6,0.077388136432118,6,276,1
390,0,1,0.840974913153647,5,19,0
390,1,2,0.82469873517385,4,16,0
390,2,3,0.783542707479296,7,31,0
390,3,4,0.864973520717927,3,5,1
238,0,1,0.970950594454669,2,10,0
238,1,2,0.918295834054489,2,3,0
238,2,6,0.943959251335566,4,12,1
177,0,1,0.785658451909698,7,22,0
177,1,2,0.918295834054489,2,3,0
177,2,6,0.882425223544658,6,9,0
177,6,7,0.81734542214651,3,10,0
177,7,11,0.960964047443681,4,5,1
175,0,1,0.622130028792382,10,36,1
220,0,3,0.846765686430401,9,20,0
220,3,4,0.399062681089458,12,72,0
220,4,6,0.897163402029043,34,83,0
220,6,7,0.944299740193409,23,44,0
220,7,11,0.920357949600472,33,77,1
289,0,6,1,2,2,0
289,6,7,0.484901247283877,4,32,0
289,7,16,0.473956739672493,15,160,0
289,16,17,,1,1,1
155,0,1,0.612703063776704,17,201,0
155,1,7,0.420132455071872,27,1153,0
155,7,9,0.604952181124114,13,404,0
155,9,12,0.533022241117725,32,983,0
155,12,14,0.654011427254397,21,256,0
155,14,49,0.54828886496249,100,3009,1
108,0,1,0.88972137527189,6,11,0
108,1,3,0.973976031629121,8,10,1
65,0,1,0.500172719361523,10,146,0
65,1,2,0.533980543375971,6,84,0
65,2,3,0.839840105188454,9,32,0
65,3,5,0.699358558605563,7,47,1
184,0,1,0.528073206834356,7,122,0
184,1,2,0.612207451236493,5,89,1
83,0,1,0.923895926635446,11,21,1
36,0,1,0.571114136863534,6,45,0
36,1,2,0.871902370148599,9,20,0
36,2,3,0.531715928782557,4,29,1
226,0,2,0.935003664214644,12,22,1
281,0,1,,1,9,0
281,1,2,0.123949867711008,2,59,1
128,0,13,0.66028203898383,72,1062,0
128,13,14,0.863827344739377,17,67,0
128,14,15,0.867906803390853,19,127,0
128,15,16,0.763549483126008,22,151,0
128,16,17,0.854332321209757,22,104,0
128,17,18,0.765349818670221,11,56,0
128,18,19,0.765112880710355,20,85,0
128,19,20,0.877417246311983,10,32,1
50,0,1,0.864928786782716,23,67,1
282,0,1,0.607562013904305,35,251,1
416,0,1,0.772088064682197,10,37,1
451,0,1,0.617260148960357,13,175,1
287,0,6,0.865708674317156,23,68,0
287,6,7,0.923515916507839,13,43,0
287,7,9,0.960964047443681,4,5,0
287,9,10,,1,1,1
34,0,1,0.719928262137628,3,111,0
34,1,2,0.60499858474718,7,61,0
34,2,3,0.804422307890619,6,50,0
34,3,4,0.811278124459133,2,4,1
302,0,1,0.918295834054489,2,6,0
302,1,2,0.913010335934938,15,28,0
302,2,3,0.936309277090061,11,18,1
303,0,1,0.876357639489852,4,9,0
303,1,16,0.763725158427782,24,72,0
303,16,54,0.864768113776925,23,104,1
196,0,10,0.792585044019691,13,75,0
196,10,11,0.532431652363854,4,73,0
196,11,12,0.546948815235712,8,71,0
196,12,13,0.684014065969452,6,63,0
196,13,14,0.88872631889629,5,34,0
196,14,15,0.624967442253141,5,50,0
196,15,16,0.656156506933201,6,30,0
196,16,17,0.659162254225538,5,38,0
196,17,18,0.992215060722018,3,11,0
196,18,19,0.923859948495569,5,17,0
196,19,20,0.578192367329845,5,29,0
196,20,21,0.787120356696533,3,16,0
196,21,22,0.864973520717927,3,5,0
196,22,23,0.890491640219491,2,13,0
196,23,24,0.721928094887362,2,5,0
196,24,25,0.914100892018565,3,7,0
196,25,26,0.793863320985671,5,28,0
196,26,27,0.775549085503632,4,12,0
196,27,28,0.98083403779614,3,12,0
196,28,30,0.789690082142847,3,6,0
196,30,31,1,2,2,0
196,31,32,0.991076059838222,2,9,0
196,32,33,1,2,2,0
196,33,35,1,3,3,0
196,35,36,0.918295834054489,2,3,0
196,36,37,0.77250688571426,3,9,0
196,37,38,0.719216167720755,4,30,0
196,38,40,0.905639062229566,4,8,0
196,40,41,0.905712598013837,3,9,0
196,41,42,0.886682880001534,5,9,0
196,42,46,,1,1,0
196,46,51,,1,1,1
381,0,9,0.547270657991886,11,75,0
381,9,10,0.875534463769192,3,27,0
381,10,11,0.672959275852357,3,23,0
381,11,12,0.995727452084926,2,13,0
381,12,13,0.782775952814142,3,11,0
381,13,22,0.811278124459133,2,4,1
364,0,1,0.803558435380316,17,69,0
364,1,2,0.540216467315917,18,218,0
364,2,3,0.656429781173154,25,104,0
364,3,5,0.788920199763576,26,120,0
364,5,8,0.885434731560766,40,127,1
118,0,1,0.647974237501254,30,323,0
118,1,2,0.713037989568827,28,239,0
118,2,3,0.771032529786062,14,60,1
240,0,1,0.788932926200258,15,183,0
240,1,2,0.734549613532804,14,119,1
93,0,1,0.811278124459133,2,8,0
93,1,2,,1,3,0
93,2,3,0.591672778582327,2,7,0
93,3,4,0.759864230789781,4,17,0
93,4,5,1,2,2,0
93,5,6,0.687035365254027,3,23,0
93,6,7,0.913864688385321,5,10,1
358,0,1,0.819448371872804,3,8,1
314,0,4,0.869419923900214,17,89,0
314,4,5,0.743871159277257,46,391,0
314,5,6,0.643025501148241,42,391,0
314,6,7,0.916099880854692,12,20,1
249,0,1,0.807795283201288,17,67,0
249,1,2,0.642654815892919,8,182,0
249,2,3,0.473490508416117,24,503,0
249,3,4,0.620113496635416,23,581,0
249,4,5,0.70475089117072,29,450,1
445,0,1,0.619852966326115,5,17,0
445,1,2,0.503258334775646,2,9,1
305,0,5,0.940629398508726,8,18,0
305,5,7,1,6,6,0
305,7,9,0.934977529767123,5,10,0
305,9,10,0.824741735119039,9,18,0
305,10,24,0.676963839045934,46,387,0
305,24,25,0.713735747963092,13,125,0
305,25,26,0.773392638087741,14,92,0
305,26,27,0.557796481674661,18,199,0
305,27,37,0.68940174071712,29,338,0
305,37,38,0.765958443671122,7,29,0
305,38,39,0.826735366844258,13,48,1
434,0,1,0.689201985117365,2,38,1
400,0,3,0.704302050598341,23,488,0
400,3,4,0.679756255413911,14,313,0
400,4,5,0.684885138375746,16,232,0
400,5,6,0.649522147456493,15,398,0
400,6,7,0.539161548133605,10,88,0
400,7,8,0.728172063938202,14,119,0
400,8,10,0.783949990613312,15,198,0
400,10,11,0.694260801771542,20,217,0
400,11,12,0.781220178029132,13,83,0
400,12,13,0.693142659265072,18,272,0
400,13,14,0.729264291015501,14,75,0
400,14,15,0.742554185261948,14,133,0
400,15,16,0.763065325338782,15,168,0
400,16,17,0.795330815927063,11,45,1
427,0,1,0.886709917544419,8,17,0
427,1,5,0.947947919003874,7,13,0
427,5,6,0.945530556036326,4,9,0
427,6,10,0.791910736883933,14,46,0
427,10,11,0.870864007335146,13,30,0
427,11,12,0.859661049197707,6,11,0
427,12,13,0.940498965264236,12,24,1
149,0,1,0.926928398335623,7,16,0
149,1,2,0.670945280235711,10,34,0
149,2,3,0.685328323201595,7,42,0
149,3,4,0.937281367103401,8,28,0
149,4,5,0.827847517345748,10,55,0
149,5,6,0.904968837743244,19,128,0
149,6,7,0.750938732563963,21,209,0
149,7,8,0.516025876090763,14,122,0
149,8,9,0.724178525267063,14,60,0
149,9,10,0.88396278332842,13,48,0
149,10,11,0.778180611011539,14,97,0
149,11,12,0.817091037543279,12,54,0
149,12,13,0.875760933960158,6,14,0
149,13,14,0.89754309088747,9,17,0
149,14,15,0.721928094887362,2,5,1
342,0,7,0.848117179061971,35,181,0
342,7,8,0.857674057781845,11,18,0
342,8,9,0.844824113241069,9,33,0
342,9,10,0.940022077665122,13,42,0
342,10,11,0.935910535397285,13,21,0
342,11,12,0.869557349441731,11,27,0
342,12,13,0.848625944754073,12,25,0
342,13,14,0.926516000106,10,16,0
342,14,16,0.924020511306009,20,46,0
342,16,17,0.903966623043827,13,29,0
342,17,18,0.85702700112747,14,32,0
342,18,19,0.939396961441084,14,19,0
342,19,20,0.911941218367852,12,25,0
342,20,21,0.927694271103767,16,36,0
342,21,22,0.89118606494191,14,34,0
342,22,23,0.7235539187066,13,35,0
342,23,25,0.964184356582705,12,15,1
406,0,1,0.61705911415396,3,17,0
406,1,2,0.581671865717887,3,10,0
406,2,3,0.77250688571426,3,9,0
406,3,4,0.543564443199596,2,8,0
406,4,5,,1,6,0
406,5,6,0.35899624964653,3,20,1
268,0,3,0.581671865717887,3,10,0
268,3,4,0.770803667014493,3,42,0
268,4,5,0.780072973530121,3,19,1
415,0,7,0.687916971650188,7,27,0
415,7,8,0.745557425027593,4,11,0
415,8,9,0.816598297688823,7,12,0
415,9,10,0.881353453268883,5,10,0
415,10,11,0.938357470038648,8,13,0
415,11,12,0.768002869020376,5,19,0
415,12,13,0.721928094887362,2,5,1
138,0,2,0.200573335501908,3,43,0
138,2,3,,1,47,1
218,0,1,,1,16,1
378,0,2,0.408012592512834,5,31,0
378,2,11,0.181996577088815,4,209,0
378,11,12,,1,25,1
74,0,1,0.784437816869424,11,33,0
74,1,4,0.985056822321508,3,8,0
74,4,5,0.918295834054489,2,3,0
74,5,6,0.967132018086354,6,8,0
74,6,9,0.747990662225314,21,85,1
166,0,1,0.889903636737562,168,498,0
166,1,2,0.881287935065149,217,1125,0
166,2,3,0.864115649270543,191,904,0
166,3,4,0.896801517388088,153,507,0
166,4,5,0.89908015962828,170,586,0
166,5,6,0.850358259044581,212,912,0
166,6,7,0.904601596806857,99,306,0
166,7,24,0.880298714144567,65,378,0
166,24,25,0.881701477191817,58,246,0
166,25,26,0.946081887466035,11,15,0
166,26,36,0.891326246679339,14,27,0
166,36,37,0.892528322811585,56,207,0
166,37,38,0.897276562126193,51,177,0
166,38,39,0.838579521325396,49,301,0
166,39,40,0.823990980707486,73,490,0
166,40,41,0.826195534580302,74,505,1
340,0,1,0.560210786952774,4,56,1
294,0,1,0.828720422349258,16,68,0
294,1,6,0.723104375671802,37,179,0
294,6,7,0.811414867283489,10,20,0
294,7,8,0.932020066055873,13,25,0
294,8,9,0.895699046776693,15,36,0
294,9,10,0.898980085218105,17,53,0
294,10,18,0.770882088472952,70,556,0
294,18,19,0.907933758895008,20,40,0
294,19,20,0.93234567610492,17,29,0
294,20,21,0.963139650810911,12,16,0
294,21,28,0.892273397368789,51,183,1
82,0,1,0.825415900762582,21,131,0
82,1,2,0.817636070251543,9,51,1
123,0,1,0.503535472147615,5,39,0
123,1,2,0.700576754845952,5,14,0
123,2,3,0.591672778582327,2,7,0
123,3,4,0.918295834054489,2,3,0
123,4,5,0.796545057849165,6,22,0
123,5,6,0.914100892018565,3,7,0
123,6,9,1,2,2,1
98,0,9,,1,1,0
98,9,10,,1,2,1
30,0,6,0.953610208665647,15,21,0
30,6,12,0.78211175429681,39,155,0
30,12,13,0.884724678610126,9,33,0
30,13,17,0.825728326270792,49,203,0
30,17,18,0.872978855689329,51,224,0
30,18,19,0.927298839691433,13,23,1
372,0,4,0.840174938583843,5,12,1
66,0,1,0.975106032457374,4,7,0
66,1,2,0.808895863741217,20,77,0
66,2,6,0.889860344929853,21,44,0
66,6,13,0.774021452300569,35,192,1
437,0,25,0.844541246458714,5,10,0
437,25,37,0.7141724685362,7,15,0
437,37,40,0.935944697445866,6,9,1
87,0,1,0.859986547010987,4,20,1
321,0,2,0.77250688571426,3,9,1
361,0,1,0.526414361668258,3,17,0
361,1,2,0.659517637169433,4,20,0
361,2,3,0.413816850303634,2,12,0
361,3,4,0.432213156440018,5,61,0
361,4,9,0.225375366128157,15,229,0
361,9,24,0.558435607056383,26,162,1
191,0,1,0.914182554734843,9,34,0
191,1,2,0.918295834054489,2,3,0
191,2,3,0.8831324901159,8,16,0
191,3,4,0.868835959717753,11,21,0
191,4,5,0.839612444786954,20,64,0
191,5,6,0.868698111963097,7,18,1
440,0,1,0.799570146600498,9,45,0
440,1,2,0.797499532817991,11,32,1
103,0,13,0.386072177446822,104,2285,0
103,13,14,0.830713215950326,27,115,0
103,14,15,0.841034161266722,27,90,0
103,15,16,0.627092991294199,20,127,0
103,16,17,0.69141427097536,23,124,0
103,17,18,0.50598494825615,16,77,0
103,18,19,1,2,4,1
332,0,1,0.658338214669915,4,324,0
332,1,2,0.664120434655461,7,81,1
414,0,1,0.868597146219279,68,269,0
414,1,2,0.895582255324471,55,186,0
414,2,3,0.888400260682988,85,302,0
414,3,7,0.882622429500584,124,756,0
414,7,9,0.840728268217246,109,620,0
414,9,10,0.8930973334299,67,222,0
414,10,11,0.92516454222348,66,184,0
414,11,12,0.92758479133299,58,158,0
414,12,13,0.927412798766148,9,17,1
63,0,19,0.450609688909793,28,510,0
63,19,21,0.802631854733379,9,51,1
102,0,2,0.837574273308766,27,87,0
102,2,7,0.868171890063018,35,88,1
3,0,1,,1,166,0
3,1,2,,1,5,1
229,0,1,0.137928129628558,4,112,0
229,1,2,,1,88,0
229,2,3,,1,35,0
229,3,4,0.970950594454669,2,5,0
229,4,6,,1,43,0
229,6,7,0.125658050172567,2,58,1
347,0,1,,1,2,0
347,1,2,,1,1,0
347,2,3,0.678953899518576,2,39,0
347,3,4,0.922734620953094,2,74,0
347,4,5,0.982858689712706,2,26,0
347,5,6,0.404120323420541,4,53,0
347,6,7,,1,6,1
171,0,2,0.714324484471121,12,127,0
171,2,3,0.713044745421447,11,79,0
171,3,4,0.831602661058225,13,85,0
171,4,5,0.836572210081549,19,177,0
171,5,6,0.591100315598044,6,33,0
171,6,7,0.597484269077156,18,260,0
171,7,8,0.529885523511526,17,276,0
171,8,9,0.560373024101994,12,109,0
171,9,10,0.662230146650821,4,16,1
327,0,3,0.909640645831332,12,24,0
327,3,4,0.792461903360086,25,160,0
327,4,5,0.736678850312502,25,119,0
327,5,6,0.414050526169858,14,140,0
327,6,12,0.250465180546793,38,1432,0
327,12,13,0.701826139132247,22,202,0
327,13,14,0.588177690193517,22,211,1
449,0,1,0.642324921113675,6,56,0
449,1,2,0.801054336520385,15,56,1
433,0,1,0.693127415328288,2,43,0
433,1,2,0.061557079663167,2,139,0
433,2,6,0.721928094887362,2,10,1
32,0,1,0.468995593589281,2,10,0
32,1,2,0.61599089070057,4,19,0
32,2,3,0.918295834054489,2,3,0
32,3,4,,1,18,0
32,4,5,0.995727452084926,2,13,0
32,5,6,0.453716339186945,2,21,0
32,6,7,,1,3,0
32,7,8,,1,2,0
32,8,9,0.618553082986658,5,43,0
32,9,10,0.740090444435901,7,171,0
32,10,11,0.805847704650723,8,109,1
429,0,1,0.465736232523528,9,132,0
429,1,2,0.888646669898079,2,98,0
210,0,4,0.811278124459133,2,4,0
210,4,5,0.811278124459133,2,12,0
210,5,6,0.869915529773626,3,7,0
210,6,7,0.483188130311928,5,20,0
210,7,22,0.63111977578372,5,45,0
210,22,25,0.870229097952468,3,17,0
210,25,29,0.637235887494771,6,34,0
210,29,30,0.803810318538513,6,16,0
210,30,33,0.703546117385973,3,51,0
210,33,34,0.979549909227475,5,25,0
227,0,2,0.816496425909746,6,37,0
227,2,4,0.862708194057718,7,20,0
227,4,5,0.506147199141422,3,33,0
227,5,8,0.502622276666961,7,59,0
227,8,9,0.486966125675589,11,129,0
227,9,10,0.617061004408564,9,65,0
227,10,11,0.766173357046068,15,88,0
227,11,12,0.913804170144405,10,30,0
227,12,13,0.487852771389291,3,13,0
227,13,14,0.935944697445866,6,9,0
373,0,1,,1,19,0
64,0,2,0.848360005332483,27,117,0
310,0,3,0.865011864658176,42,159,0
0,0,1,0.752126217365032,12,98,0
0,1,2,0.724613753218517,18,150,0
0,2,3,0.75133210861555,10,85,0
0,3,7,0.495022100808612,35,273,0
0,7,8,0.586016846672615,13,63,0
0,8,9,0.629425057334029,14,97,0
0,9,10,0.594327032408926,16,106,0
0,10,13,0.583938786647365,18,155,0
0,13,14,0.675437904621612,8,50,0
0,14,15,0.589180560418423,6,24,0
0,15,16,0.71129805228689,7,33,0
0,16,17,0.862940322510736,7,15,0
0,17,19,0.806598563468402,14,50,0
0,19,20,0.829212162699193,7,22,0
0,20,21,0.756550464412047,10,55,0
0,21,22,0.758303172467734,12,33,0
0,22,23,0.703177896544217,9,46,0
0,23,25,0.888461037313875,18,57,0
0,25,26,0.910549720962016,11,28,0
0,26,29,0.811651980557063,18,84,0
0,29,30,0.886859507142915,9,32,0
0,30,31,0.849456379458119,16,39,0
0,31,32,0.91439212130487,12,27,0
0,32,33,0.85797393700092,9,34,0
0,33,35,0.898502355159921,12,19,0
0,35,36,0.862940322510736,7,15,0
0,36,37,0.917052093220933,10,21,0
298,0,3,0.958383223292328,13,20,0
298,3,7,0.851402043496821,24,102,0
298,7,8,0.853708781907236,16,47,0
298,8,9,0.822564894273164,23,97,0
298,9,17,0.753555729380178,50,540,0
298,17,18,0.884705199771184,32,163,0
298,18,19,0.812858337796976,48,382,0
298,19,20,0.825813979272749,53,260,0
298,20,21,0.767223394420527,51,305,0
298,21,22,0.647301837953199,40,369,0
298,22,24,0.666985304878648,45,660,0
298,24,25,0.832777784063882,35,174,0
298,25,26,0.85206066168599,42,280,0
298,26,27,0.86326874295296,33,138,0
298,27,29,0.847575216608719,48,249,0
213,0,1,0.638880759365217,8,20,0
213,1,2,0.689209426360162,4,17,0
213,2,3,0.849185322090619,5,11,0
213,3,4,0.76420450650862,2,9,0
213,4,7,0.832248889600231,4,7,0
213,7,8,0.787222605120391,6,13,0
145,0,1,0.371232326640876,2,42,0
145,1,2,0.732319062109139,8,22,0
145,2,3,,1,1,0
377,0,4,0.86292639519725,8,42,0
131,0,8,0.888918056529078,15,30,0
131,8,13,0.976358034033239,38,50,0
355,0,1,0.189962315803929,4,183,0
355,1,2,,1,2,0
326,0,1,,1,8,0
417,0,3,0.79319301276975,53,249,0
417,3,4,0.883254115164339,21,39,0
417,4,5,0.879892479990857,24,64,0
417,5,6,0.956608972947702,14,19,0
417,6,7,0.963610442103989,17,24,0
417,7,10,0.92938352015056,46,89,0
417,10,11,0.884055443359063,23,50,0
417,11,20,0.888886168797277,164,575,0
417,20,23,0.925031593130063,97,233,0
417,23,25,0.943555853246695,83,218,0
417,25,27,0.931256964025764,115,355,0
417,27,32,0.906586805809795,114,374,0
159,0,1,0.266071093197028,3,44,0
246,0,1,,1,33,0
246,1,2,0.742487569542124,2,19,0
246,2,3,,1,14,0
246,3,4,,1,2,0
122,0,1,,1,7,0
122,1,4,,1,1,0
122,4,8,0.597094843287992,3,14,0
122,8,9,0.970950594454669,2,5,0
122,9,10,0.782775952814142,3,11,0
122,10,13,0.34028043037218,4,60,0
122,13,14,0.826907314896283,8,34,0
170,0,1,,1,2,0
271,0,1,0.407911550576581,10,93,0
271,1,2,0.490750151177489,9,55,0
271,2,3,0.61600832113811,5,31,0
271,3,4,0.701236304266835,5,19,0
271,4,5,0.589185840646863,11,70,0
271,5,6,0.697506610283289,5,41,0
271,6,7,0.689779427722344,4,22,0
271,7,8,0.839441578296375,6,18,0
271,8,9,0.785475297227334,4,10,0
271,9,10,0.799578921594907,5,15,0
271,10,11,0.921185496588554,4,7,0
271,11,12,0.856087393862389,5,13,0
271,12,13,0.918295834054489,2,3,0
277,0,1,0.892734160673788,12,85,0
277,1,2,0.812521457344473,7,18,0
277,2,3,0.786916188737259,8,45,0
277,3,5,0.69186648016695,10,67,0
133,0,1,0.416609799291551,7,107,0
133,1,2,0.628824992733349,10,82,0
133,2,3,0.502080901464263,11,109,0
133,3,4,0.788882015401071,5,90,0
133,4,5,0.642826823540868,13,92,0
133,5,6,0.79045895337474,20,91,0
133,6,7,0.712024657596743,17,64,0
133,7,8,0.90848418329122,6,33,0
37,0,9,0.877055107000406,17,39,0
270,0,5,0.64123650329221,56,540,0
270,5,6,0.729878517746293,12,52,0
270,6,7,0.473600851232562,18,164,0
270,7,8,0.70180524746351,26,205,0
270,8,9,0.642482906599701,23,373,0
270,9,10,0.618949910284595,25,208,0
270,10,11,0.749717196931218,24,174,0
270,11,12,0.734162078871314,16,85,0
270,12,13,0.748063587803336,16,72,0
270,13,14,0.878888332777481,17,57,0
270,14,15,0.882510367308266,14,64,0
270,15,16,0.670329783871354,13,83,0
270,16,17,0.693484735514746,16,154,0
270,17,18,0.786093319908409,18,165,0
270,18,19,0.838739780078699,16,70,0
270,19,20,0.739966859604621,10,44,0
270,20,21,0.870376598570508,10,28,0
270,21,22,0.825213870740579,15,84,0
270,22,23,0.814960160559068,22,81,0
270,23,24,0.775366439593657,23,148,0
270,24,25,0.816076406335192,19,71,0
270,25,26,0.799578921594907,5,15,0
270,26,27,0.918295834054489,2,3,0
270,27,28,0.720493040054508,5,11,0
270,28,29,,1,1,0
270,29,30,0.918295834054489,2,6,0
270,30,31,,1,6,0
174,0,1,0.814484822588782,27,202,0
174,1,2,0.659576024372135,33,270,0
174,2,3,0.66783725695721,26,217,0
174,3,4,0.683343053872109,22,215,0
174,4,5,0.717562894515244,30,196,0
174,5,6,0.74974784919003,7,40,0
370,0,1,0.249882292833185,2,24,0
370,1,2,,1,9,0
370,2,5,,1,9,0
370,5,6,,1,6,0
370,6,7,,1,10,0
370,7,8,,1,17,0
370,8,9,0.723308333814104,4,18,0
370,9,10,,1,32,0
370,10,11,,1,17,0
370,11,12,0.337290066617014,2,16,0
370,12,13,0.581671865717887,3,10,0
370,13,14,0.811278124459133,2,8,0
370,14,15,,1,1,0
370,15,16,,1,2,0
370,16,17,,1,7,0
230,0,2,0.865324671884169,29,66,0
209,0,1,0.718021229398264,7,17,0
209,1,2,0.774236718413258,7,15,0
99,0,10,0.720281725791432,3,26,0
99,10,11,0.721928094887362,2,25,0
99,11,12,0.591672778582327,2,7,0
99,12,13,,1,2,0
99,13,15,,1,1,0
99,15,16,,1,5,0
99,16,17,0.503258334775646,2,9,0
99,17,18,,1,5,0
99,18,19,,1,7,0
279,0,3,0.676655729866176,46,507,0
279,3,4,0.735825440343969,44,361,0
279,4,5,0.730636845858819,38,369,0
279,5,6,0.758678746095604,42,321,0
279,6,7,0.821718904733404,41,236,0
279,7,8,0.784749021240003,40,173,0
279,8,9,0.842123196553744,28,119,0
389,0,2,0.879818652493951,15,37,0
389,2,5,0.177917957920951,3,74,0
389,5,7,0.318636863726842,3,47,0
167,0,1,0.157415543315958,3,113,0
353,0,1,,1,13,0
80,0,1,0.16866093149667,2,40,0
80,1,3,,1,5,0
80,3,4,,1,4,0
44,0,2,0.680782958761801,16,56,0
44,2,3,0.653008712753896,6,46,0
44,3,4,0.277496684736764,5,62,0
44,4,5,0.302933546328803,8,91,0
44,5,6,,1,11,0
44,6,7,0.839289660752233,11,25,0
44,7,8,0.81151170773809,9,18,0
385,0,1,0.348790400827916,6,170,0
385,1,2,0.702547032624885,6,59,0
385,2,3,0.840336442596702,6,25,0
385,3,4,0.812726349487599,9,31,0
385,4,5,0.676342647371357,6,32,0
291,0,1,0.719987714132089,3,20,0
291,1,2,0.362885674470611,3,100,0
291,2,3,0.760674638918636,3,53,0
291,3,4,0.488403590297078,5,102,0
291,4,5,0.607026620290815,6,127,0
291,5,6,0.900438050688313,5,135,0
291,6,7,,1,5,0
95,0,4,0.703814817747658,3,21,0
95,4,5,,1,1,0
409,0,1,,1,29,0
111,0,20,0.766207131634264,94,547,0
109,0,1,0.203383217730177,9,414,0
109,1,2,0.29523449360161,8,262,0
109,2,3,0.40243629362247,9,166,0
201,0,7,0.695132555657007,51,241,0
201,7,14,0.783140411294013,63,305,0
201,14,21,0.853095542277056,67,278,0
201,21,25,0.884339182233938,81,220,0
201,25,28,0.885663211458053,33,91,0
201,28,31,0.909248309275818,51,134,0
201,31,32,0.968988813121628,27,41,0
201,32,33,0.85843920706644,27,58,0
201,33,34,0.856862970715204,26,46,0
201,34,36,0.933518238821419,30,62,0
201,36,37,0.884600275582557,11,21,0
369,0,5,0.721928094887362,2,5,0
1,0,1,0.547073503752258,11,570,0
11,0,1,0.187601800103762,5,102,0
11,1,2,0.097132360162927,3,157,0
11,2,3,,1,8,0
41,0,1,0.714955585487935,4,14,0
41,1,3,0.918295834054489,2,3,0
41,3,4,0.864973520717927,3,5,0
41,4,9,0.811278124459133,2,4,0
41,9,13,,1,1,0
421,0,6,0.764298497898423,37,366,0
421,6,7,0.877254878640324,27,153,0
94,0,25,0.786585797748586,135,870,0
113,0,2,0.918637109551646,8,21,0
113,2,10,0.835220401522975,39,166,0
130,0,2,0.671398281360604,5,15,0
130,2,3,0.5098045979822,15,77,0
130,3,4,0.653311332983576,8,67,0
130,4,5,0.650022421648354,2,6,0
399,0,2,0.503258334775646,2,9,0
399,2,3,0.669591945535779,3,8,0
399,3,5,0.878570299176612,11,20,0
399,5,6,0.884514765676856,8,13,0
399,6,7,0.752970927110344,10,25,0
399,7,8,0.95797973501979,20,32,0
399,8,9,0.967132018086354,6,8,0
399,9,10,0.882920768559483,10,18,0
399,10,11,0.91662706875005,9,16,0
399,11,12,0.903778538776255,15,26,0
399,12,13,0.83340944119773,15,35,0
399,13,14,0.879695803182863,25,39,0
399,14,15,0.721928094887362,2,5,0
182,0,12,0.697861897915816,15,85,0
182,12,14,0.410246200774849,10,86,0
182,14,22,0.760932119057069,31,192,0
182,22,23,0.867326150796259,10,23,0
182,23,24,,1,4,0
182,24,31,0.903422865525392,47,156,0
256,0,1,,1,4,0
444,0,3,0.887092015535129,3,20,0
444,3,4,0.832331558174548,6,39,0
444,4,6,0.575946814055415,12,129,0
444,6,7,0.135693888859228,10,253,0
444,7,14,0.383871933143942,48,1619,0
224,0,5,0.955937568101954,18,27,0
349,0,1,0.890205892764961,23,71,0
349,1,2,0.922501364622427,13,25,0
135,0,11,0.271924036503023,7,434,0
135,11,12,0.491237341824333,2,28,0
135,12,13,0.547894810517753,3,16,0
135,13,14,,1,1,0
135,14,15,,1,3,0
135,15,20,0.287086072744579,3,27,0
135,20,21,0.928383211769586,5,8,0
135,21,22,0.650022421648354,2,6,0
135,22,23,0.961236604722876,2,13,0
135,23,24,0.988699408288497,2,16,0
189,0,1,0.918295834054489,2,36,0
311,0,1,,1,26,0
405,0,1,,1,9,0
14,0,1,,1,4,0
357,0,1,0.711292601198589,11,65,0
357,1,2,0.928993200383429,10,18,0
357,2,5,0.88369145915199,20,62,0
357,5,8,0.884670314387902,15,46,0
357,8,17,0.660180831723784,22,156,0
371,0,1,0.359778182686952,4,25,0
187,0,7,0.873718726689064,7,21,0
147,0,1,0.776363211072616,15,65,0
147,1,2,0.615483336346931,20,89,0
147,2,4,0.858855316988797,35,94,0
147,4,5,0.886682880001534,5,9,0
375,0,2,,1,1,0
375,2,7,0.939229421395275,19,39,0
375,7,25,0.885419945952775,59,217,0
235,0,24,0.672434047173273,56,263,0
235,24,25,0.946411928215015,6,10,0
351,0,1,0.889612963283477,8,18,0
351,1,2,1,2,2,0
351,2,3,1,6,6,0
351,3,7,0.898244401703927,6,10,0
351,7,8,0.918295834054489,2,3,0
351,8,11,0.908449690314596,7,11,0
2,0,10,0.913678250346023,9,14,0
344,0,1,0.635151097458023,13,75,0
354,0,1,0.420652198333097,3,56,0
354,1,2,,1,9,0
22,0,1,0.797411228938166,6,16,0
403,0,1,,1,3,0
43,0,23,0.42120111960593,75,3689,0
43,23,24,0.855423115417587,43,294,0
43,24,25,0.846006631873816,47,613,0
43,25,26,0.831688067459361,47,421,0
186,0,1,0.334791671599502,8,287,0
186,1,2,0.531647516019151,3,122,0
335,0,12,0.243352395770543,10,409,0
335,12,13,0.981940786864098,2,19,0
379,0,8,0.862865385319973,14,29,0
379,8,9,0.22426240480002,8,150,0
71,0,1,0.716086326387868,3,18,0
71,1,3,0.954434002924965,2,8,0
404,0,1,0.935635955211353,22,44,0
404,1,5,0.930688285550101,9,14,0
404,5,7,1,3,3,0
404,7,10,0.962961064794514,5,7,0
404,10,11,1,5,5,0
404,11,13,0.883633370779725,6,12,0
404,13,14,1,5,5,0
404,14,15,0.975503759006108,6,7,0
404,15,18,0.950433436592985,12,24,0
276,0,4,0.914100892018565,3,7,0
276,4,5,0.850787447415633,4,36,0
276,5,6,0.742618550329166,3,22,0
276,6,7,0.675804430697763,6,43,0
276,7,8,0.591672778582327,2,7,0
276,8,9,,1,6,0
266,0,1,0.977417817528172,2,17,0
422,0,1,0.334648975978466,3,22,0
143,0,1,,1,1,0
137,0,5,0.700576754845952,5,14,0
137,5,6,0.40777685717129,7,140,0
137,6,7,0.368843510966143,7,120,0
137,7,8,0.455861087972405,9,142,0
137,8,9,0.591901734759274,10,143,0
137,9,10,0.715388588301113,4,173,0
137,10,11,0.66884092726593,7,89,0
137,11,12,0.685438268815569,5,84,0
137,12,13,0.283363230159087,6,56,0
137,13,14,0.721928094887362,2,10,0
137,14,15,0.832525247618954,3,27,0
137,15,16,0.573187015861077,6,41,0
137,16,17,0.715111100600362,6,50,0
137,17,18,0.689209426360162,4,17,0
137,18,19,0.982630163944619,3,19,0
137,19,20,0.433393122275432,7,64,0
137,20,21,0.527054964607157,5,48,0
137,21,22,0.499476284486816,4,26,0
137,22,23,0.4764633824367,5,25,0
23,0,5,1,2,2,0
23,5,6,0.635616635038686,13,53,0
23,6,7,,1,4,0
407,0,3,0.778385397048775,5,14,0
407,3,4,1,2,2,0
394,0,1,0.72483409150576,3,7,0
223,0,1,,1,5,0
293,0,1,0.663906669135119,5,98,0
293,1,6,0.578991280989898,11,82,0
293,6,7,,1,2,0
54,0,1,0.877193959151834,9,16,0
54,1,2,0.850955398431372,6,13,0
402,0,1,0.85279248849004,3,9,0
402,1,2,0.847674876815904,7,35,0
402,2,3,0.787071389789986,12,70,0
239,0,1,0.869915529773626,3,7,0
239,1,2,,1,1,0
237,0,1,,1,66,0
237,1,2,,1,3,0
181,0,1,0.832386706104151,32,89,0
181,1,2,0.942606510371594,8,16,0
124,0,7,0.784660148885009,7,16,0
7,0,13,0.774285531663982,86,808,0
333,0,1,,1,46,0
333,1,2,,1,3,0
438,0,1,0.859545003990286,69,568,0
438,1,2,0.895335982266773,38,82,0
202,0,1,0.492752024456445,16,150,0
202,1,2,0.64544801452071,14,155,0
202,2,3,0.756682252903202,19,140,0
202,3,4,0.754419946186583,14,74,0
202,4,5,0.732066690093194,2,39,0
202,5,6,0.786994480825153,4,17,0
202,6,7,0.718191817489326,5,21,0
202,7,9,0.629704972925372,6,23,0
436,0,61,0.767226377848855,66,520,0
337,0,1,0.421909398008336,30,416,0
309,0,1,0.845350936622436,2,11,0
264,0,1,,1,1,0
126,0,1,0.353359335021421,2,15,0
126,1,2,0.936667381877562,2,34,0
259,0,1,0.960964047443681,4,5,0
62,0,12,0.84895946001429,26,88,0
62,12,13,0.807902265970126,4,18,0
46,0,4,0.925351039902596,18,71,0
20,0,4,,1,1,0
20,4,5,0.897944473522682,5,12,0
20,5,15,0.864184994472799,25,117,0
20,15,16,0.881353453268883,5,10,0
20,16,17,0.925787598354723,8,13,0
20,17,18,0.828871363252444,4,9,0
362,0,1,0.719987714132089,3,20,0
362,1,2,0.98033290648245,3,42,0
362,2,5,0.619405677634707,8,178,0
362,5,8,0.690082253091535,9,76,0
362,8,9,0.869915529773626,3,7,0
42,0,13,0.718318970356202,61,467,0
221,0,5,0.602834749381868,25,165,0
221,5,6,0.785151925592805,7,39,0
221,6,9,0.832896476247039,23,67,0
221,9,13,0.665239470199073,28,134,0
286,0,1,0.814585985220898,27,161,0
286,1,2,0.814470448963871,20,68,0
286,2,6,0.63547912015363,33,420,0
286,6,12,0.473717861772995,27,440,0
295,0,1,0.717751695938803,11,60,0
295,1,2,0.873836009073615,6,41,0
139,0,2,0.889845184518273,12,28,0
139,2,3,0.918295834054489,2,3,0
13,0,1,0.875735901309335,27,57,0
13,1,2,0.915829752491863,66,141,0
13,2,3,0.911040722423502,77,219,0
13,3,4,0.880900025909862,27,77,0
55,0,2,0.811649021461231,38,169,0
55,2,4,0.726856687589961,52,247,0
55,4,5,0.855656009453548,65,285,0
55,5,6,0.904626041446905,42,123,0
55,6,7,0.867342665067599,70,284,0
55,7,8,0.885371592706989,79,311,0
55,8,9,0.914103112718247,67,199,0
55,9,11,0.884817668350314,107,403,0
55,11,12,0.846938275159653,46,120,0
55,12,13,0.886543178568601,20,44,0
257,0,1,0.938488292261909,9,18,0
129,0,1,,1,39,0
129,1,2,,1,2,0
67,0,1,0.827874925968282,10,69,0
67,1,2,0.952819531114783,4,8,0
67,2,3,0.823220895212068,4,21,0
67,3,4,0.812829379816269,9,31,0
67,4,5,0.917988704503819,6,21,0
67,5,6,0.920619835714305,3,6,0
176,0,2,0.760605906403701,8,37,0
176,2,23,0.982567593073364,8,9,0
176,23,24,0.900506811106477,26,52,0
176,24,25,0.960923275203477,33,52,0
176,25,26,0.92648050965375,44,103,0
176,26,27,0.950317053533086,33,53,0
176,27,28,0.933279238289768,31,59,0
176,28,29,0.955181323136613,34,62,0
176,29,30,0.93872412413619,34,58,0
176,30,31,0.946082884615859,23,46,0
200,0,17,0.79964986061109,64,342,0
200,17,20,0.941202002208197,17,33,0
200,20,21,0.913637978725938,21,43,0
200,21,23,0.808332176132564,37,139,0
200,23,24,0.902831167845792,13,34,0
200,24,25,0.912669409105792,13,23,0
200,25,26,0.85107074402781,36,105,0
200,26,27,0.787871838817186,29,106,0
200,27,31,0.881990718521225,45,109,0
432,0,2,0.900937694478658,9,21,0
432,2,4,0.771149182001726,7,25,0
432,4,7,0.816307533611761,26,87,0
432,7,8,0.921271213352471,12,18,0
432,8,10,0.941329882778696,16,32,0
374,0,2,0.494182934849789,2,37,0
329,0,5,0.750043153122422,30,99,0
329,5,6,0.357499614622054,13,159,0
329,6,7,,1,3,0
16,0,1,0.639294556624172,6,64,0
161,0,1,0.737918514007678,20,232,0
161,1,2,0.822351713639782,15,142,0
273,0,5,0.533057999850554,6,39,0
283,0,7,0.766318775742695,127,1729,0
283,7,8,0.821489100858665,50,271,0
283,8,13,0.735954908076906,86,1075,0
283,13,15,0.760883546221128,44,343,0
283,15,16,0.870756409648985,35,147,0
283,16,17,0.895770194132662,28,83,0
283,17,60,0.820822995392371,447,5143,0
261,0,2,,1,1,0
261,2,4,,1,2,0
261,4,6,,1,1,0
69,0,3,1,2,8,0
365,0,3,0.920619835714305,3,6,0
365,3,5,0.862001965274259,29,124,0
365,5,6,0.80659409407427,18,86,0
365,6,7,,1,1,0
60,0,1,0.731342483672563,8,38,0
17,0,9,0.596321852685485,11,106,0
17,9,25,0.492095193651404,38,939,0
17,25,26,0.604756588690129,13,77,0
296,0,5,0.696014085455419,57,395,0
296,5,6,0.653449467232698,24,103,0
296,6,7,0.769147414171059,16,40,0
296,7,8,0.554723789744874,19,98,0
296,8,9,0.89634483939696,22,44,0
296,9,14,0.781423263989709,34,116,0
338,0,7,0.971849544824264,5,15,0
116,0,1,,1,6,0
330,0,7,0.894964537655,4,11,0
330,7,9,0.721928094887362,2,15,0
330,9,10,0.918295834054489,2,3,0
352,0,1,0.336866566371247,3,111,0
352,1,2,1,2,4,0
269,0,1,0.242292189082415,2,25,0
269,1,2,0.276195427647939,2,21,0
387,0,23,0.656668625253768,45,248,0
387,23,30,0.354629883425823,46,832,0
387,30,31,0.762579799596064,19,94,0
89,0,21,0.609412765018353,48,387,0
89,21,22,0.946907213901164,26,47,0
89,22,23,0.905010773627192,37,96,0
89,23,24,0.672142296820035,34,133,0
89,24,25,0.666420120589636,27,95,0
397,0,2,0.864973520717927,3,5,0
397,2,4,0.38862698641698,6,37,0
397,4,5,0.53981121925624,9,82,0
397,5,6,,1,3,0
248,0,3,0.278183123344935,9,217,0
248,3,7,0.188958620187279,9,257,0
45,0,11,0.463704844223617,40,720,0
45,11,12,0.570084197744126,13,174,0
45,12,13,0.607238319556117,7,22,0
234,0,3,0.971325691060917,8,11,0
125,0,1,0.423368764107851,8,49,0
125,1,2,0.256581877996211,4,39,0
443,0,25,0.883342536075122,63,179,0
383,0,2,0.809656833416415,5,9,0
383,2,3,0.712044128252316,7,28,0
383,3,5,1,2,2,0
33,0,1,0.862824914234348,14,57,0
455,0,8,0.661223369709415,7,61,0
455,8,9,0.918295834054489,4,9,0
168,0,9,0.913129566572158,16,32,0
168,9,10,0.812797217571723,23,68,0
168,10,11,0.895224926439608,11,22,0
168,11,12,0.834721560807667,16,29,0
168,12,15,0.847020960452587,54,158,0
168,15,16,0.805982837751453,48,174,0
168,16,17,0.895431940599914,57,231,0
168,17,18,0.8414787214123,64,232,0
168,18,19,0.874488634718674,58,176,0
168,19,20,0.806007121484822,73,461,0
168,20,21,0.841028035053907,85,549,0
168,21,22,0.866811676649912,71,255,0
168,22,23,0.759997524811186,54,196,0
168,23,24,0.927497228481885,56,135,0
168,24,25,0.913617127839293,62,181,0
168,25,26,0.869862527142465,64,215,0
168,26,27,0.854098087963326,75,314,0
168,27,28,0.906671354368873,75,224,0
168,28,29,0.845257179427495,47,128,0
168,29,30,0.944047017759914,53,110,0
168,30,31,0.859255091502348,64,200,0
168,31,32,0.914205468291894,51,122,0
168,32,33,0.876337500199265,51,146,0
168,33,37,0.821927816356125,60,207,0
168,37,39,0.868604953459642,66,242,0
168,39,41,0.890376636020913,91,407,0
168,41,53,0.826159151918336,105,667,0
168,53,55,0.838616421079813,31,80,0
450,0,6,0.807574985963281,5,17,0
450,6,7,1,2,2,0
412,0,7,0.665754717444176,8,69,0
412,7,8,0.872939676886806,8,29,0
412,8,9,0.934223676864058,9,37,0
412,9,10,0.95500819308885,12,33,0
412,10,11,0.896240625180289,4,6,0
412,11,12,0.882425223544658,6,9,0
412,12,22,0.861753508048933,10,25,0
27,0,1,0.79210062202967,9,21,0
307,0,23,0.800920961569403,323,11024,0
307,23,26,0.843799104727749,154,983,0
307,26,27,0.720748244980782,107,588,0
307,27,28,0.801696986178022,94,333,0
307,28,30,0.788251044417598,111,418,0
307,30,31,0.77305346609294,110,552,0
307,31,33,0.717144053785011,127,789,0
307,33,34,0.800159672563957,91,420,0
307,34,35,0.862051222261385,98,339,0
307,35,37,0.79409284421668,85,359,0
418,0,1,0.639355373643072,31,143,0
119,0,2,0.797189547195509,58,225,0
119,2,3,0.261527540371534,31,987,0
119,3,4,0.150376138186712,22,2470,0
119,4,6,0.20596261602991,23,2392,0
119,6,9,0.453461534155812,94,1280,0
119,9,10,0.678937172724886,36,194,0
119,10,11,0.779741456585696,25,81,0
119,11,13,0.786614494488662,112,801,0
119,13,15,0.789448027087838,69,368,0
121,0,3,0.718455960709647,54,411,0
121,3,4,0.776088415144019,32,118,0
121,4,5,0.878114322376773,42,111,0
121,5,6,0.666748876807836,26,158,0
121,6,7,0.916078561370474,26,60,0
121,7,8,0.93533357088905,18,34,0
121,8,9,0.458438539206577,8,36,0
121,9,10,0.777947956957683,19,75,0
121,10,11,0.830720724557967,21,64,0
121,11,12,0.797743080481752,12,28,0
121,12,16,0.942640490868971,20,40,0
121,16,17,1,4,4,0
121,17,20,0.919762851470163,9,26,0
121,20,24,0.822479756908376,39,153,0
121,24,25,0.852809913445328,34,144,0
121,25,26,0.714307917805084,30,188,0
121,26,31,0.664724118515754,62,506,0
121,31,32,0.774168702770584,13,55,0
297,0,20,0.848368624749197,65,400,0
297,20,21,0.931423946107048,34,81,0
297,21,23,0.892457000894008,28,70,0
428,0,13,0.689570700263211,56,310,0
162,0,1,0.473106739943481,10,73,0
162,1,3,0.945105424412619,10,15,0
162,3,6,0.824765411332088,17,47,0
162,6,7,0.758964379406622,10,23,0
162,7,8,0.573544213695835,10,78,0
162,8,9,0.418089824520835,9,75,0
162,9,14,0.561819417519216,23,130,0
162,14,15,0.778342928607321,8,28,0
162,15,16,0.89607272462453,9,33,0
162,16,19,0.873199500562001,13,54,0
162,19,30,0.497403650956297,16,228,0
162,30,43,0.562959753122242,21,294,0
162,43,46,0.90797467436635,9,28,0
162,46,48,0.928602336311985,16,30,0
162,48,49,0.934977529767123,5,10,0
132,0,8,0.757082084458102,28,174,0
132,8,9,0.340917825941631,17,473,0
132,9,10,0.674021365614623,11,117,0
163,0,5,0.829245405166645,58,183,0
398,0,13,0.788577059192924,57,566,0
398,13,14,0.887577822226598,15,27,0
398,14,15,0.972588173229183,17,21,0
398,15,16,0.874769475041449,19,40,0
398,16,17,0.919444525411572,21,57,0
398,17,19,0.956698219034862,14,23,0
442,0,25,0.686434580207822,20,146,0
250,0,1,0.773282991067991,20,79,0
388,0,2,,1,1,0
388,2,5,1,2,2,0
79,0,1,0.934636594322157,13,31,0
79,1,2,0.819341115734074,21,60,0
79,2,3,0.933448096296134,13,27,0
79,3,4,0.935267262524496,10,15,0
79,4,6,0.916334488594207,28,90,0
79,6,7,0.951295591965715,18,41,0
79,7,8,0.892317219815616,14,32,0
79,8,10,0.892896464210074,25,72,0
79,10,11,0.86444534470012,18,71,0
79,11,12,0.915615946763194,16,45,0
79,12,13,0.973677596611442,7,16,0
301,0,1,0.861353116146786,5,8,0
301,1,3,0.143245561358867,7,204,0
301,3,8,0.16159407833207,22,454,0
301,8,20,0.514711710571876,34,216,0
424,0,1,0.940093847763292,21,47,0
424,1,2,1,2,2,0
19,0,8,0.83735565674417,83,430,0
19,8,9,0.78283715660348,59,249,0
19,9,10,0.821803539015031,76,388,0
19,10,12,0.877141158573967,69,315,0
19,12,13,0.901172938401519,45,140,0
19,13,14,0.873120610996823,49,140,0
19,14,15,0.845763577437343,39,135,0
19,15,18,0.781807154729312,35,111,0
19,18,19,0.700235679521431,12,27,0
19,19,23,0.632214255482283,25,96,0
306,0,50,0.83383917055801,90,1277,0
306,50,51,0.93291266911953,12,23,0
306,51,54,0.924164743318047,33,82,0
306,54,58,0.890131412435368,31,90,0
306,58,60,0.929906817306775,25,56,0
306,60,64,0.840630267713943,33,140,0
306,64,68,0.861033279891268,40,160,0
306,68,69,0.900558069966218,20,36,0
306,69,74,0.924470519735549,33,90,0
24,0,1,0.962642436023261,18,27,0
24,1,5,0.848960333634276,40,104,0
24,5,11,0.926080615870161,34,80,0
24,11,12,1,2,2,0
315,0,3,0.932814535624874,21,62,0
315,3,4,0.913444320561224,5,14,0
315,4,5,0.912945981723724,14,32,0
315,5,9,0.876665219720878,24,89,0
315,9,10,0.85409897021324,31,148,0
315,10,11,0.867777876231035,19,74,0
315,11,12,0.896645936271847,23,83,0
158,0,9,0.936665091452138,23,58,0
97,0,1,0.886115612357566,47,188,0
262,0,3,0.807638073083201,60,581,0
262,3,4,0.712410092535672,43,415,0
262,4,5,0.790875558883112,53,375,0
262,5,6,0.810784149290257,52,396,0
262,6,7,0.828340084722499,17,53,0
401,0,5,0.789202415989429,24,127,0
308,0,7,0.766122502177511,46,288,0
308,7,9,0.739965253006939,11,91,0
10,0,8,0.512283872565717,9,181,0
10,8,9,0.509993078136279,8,217,0
10,9,10,0.883486887546066,12,83,0
10,10,12,0.86147246104308,21,166,0
10,12,13,0.96494504243077,5,18,0
106,0,1,0.925935226474776,13,19,0
319,0,4,0.457661255755325,3,27,0
319,4,6,,1,1,0
319,6,17,1,2,2,0
425,0,2,1,2,2,0
425,2,5,0.913831148197152,7,13,0
425,5,6,1,2,2,0
425,6,9,0.353359335021421,2,15,0
425,9,15,0.31587520873413,5,51,0
425,15,16,1,3,3,0
425,16,17,0.920619835714305,3,6,0
425,17,18,1,3,3,0
425,18,19,0.910122376227582,7,16,0
425,19,20,0.873303341091355,8,24,0
425,20,21,0.916516443199602,5,7,0
136,0,7,0.945530556036326,8,18,0
136,7,8,0.391243563629256,2,13,0
136,8,9,1,2,2,0
136,9,14,0.920619835714305,3,6,0
136,14,15,0.625418115623811,3,13,0
185,0,3,1,2,2,0
185,3,4,0.930827083453526,8,12,0
185,4,13,0.857863495403766,11,28,0
219,0,4,0.876070981947001,8,20,0
219,4,5,0.669591945535779,3,8,0
219,5,6,0.907647281453716,10,22,0
219,6,8,0.918295834054489,2,3,0
219,8,12,1,2,2,0
318,0,7,0.77425084725625,138,1420,0
318,7,8,0.957227185823316,12,19,0
61,0,1,0.709720073342298,17,74,0
61,1,2,0.592684434462821,13,74,0
61,2,3,0.432365294481486,13,95,0
61,3,4,0.663189559077149,9,60,0
61,4,5,0.700931977717905,7,24,0
61,5,6,0.798425187755605,14,48,0
61,6,7,0.72953073559979,15,48,0
61,7,8,0.703671845228885,15,71,0
61,8,9,0.812995525252257,8,27,0
61,9,10,0.960746039141637,18,30,0
61,10,11,0.880744514839746,13,22,0
61,11,12,0.602820077336691,9,29,0
61,12,13,0.847983610934618,6,13,0
61,13,14,0.758567422553573,7,17,0
61,14,15,0.816210349101584,18,50,0
9,0,4,0.876357639489852,4,9,0
9,4,7,0.905618517864896,3,11,0
9,7,8,,1,1,0
9,8,14,0.634466819313037,9,39,0
9,14,19,0.832290217931843,9,25,0
28,0,1,0.11057328184558,7,225,0
28,1,2,0.468995593589281,2,70,0
320,0,1,0.952819531114783,4,8,0
320,1,2,,1,2,0
322,0,7,0.672150491355702,7,29,0
322,7,9,0.82088733647906,10,27,0
322,9,13,0.746574712719367,21,73,0
322,13,14,0.953417588263366,13,17,0
322,14,17,0.816425203393187,31,111,0
322,17,18,0.919649400496748,13,24,0
322,18,19,0.837211784431619,11,30,0
376,0,37,0.828013763942278,63,221,0
423,0,18,0.466660288264642,103,2681,0
423,18,19,0.463683497124828,35,321,0
423,19,20,0.725830382178883,4,17,0
324,0,9,0.659240730490461,43,430,0
324,9,10,0.942590728967473,11,19,0
198,0,4,0.783371810584118,4,27,0
198,4,5,0.656800436734845,4,35,0
198,5,6,0.666290849182508,4,59,0
198,6,7,0.714034469909838,7,69,0
198,7,8,0.717499285068015,11,168,0
198,8,9,0.588085626378193,5,40,0
317,0,1,0.820079763465086,11,43,0
317,1,2,0.650022421648354,2,6,0
317,2,3,0.789106645306824,5,14,0
317,3,4,0.946302657200819,14,30,0
317,4,5,0.830616216056842,11,59,0
356,0,1,0.328878475565445,5,57,0
356,1,2,0.670251207124251,3,49,0
356,2,3,0.649682553436001,4,53,0
356,3,4,0.707676529682256,3,16,0
164,0,8,0.928524921548225,5,14,0
164,8,10,0.783650872405542,16,74,0
164,10,11,0.774173640658093,16,50,0
164,11,12,0.787407522736754,18,53,0
164,12,14,0.850843370026853,36,99,0
164,14,15,0.88452551521463,27,70,0
164,15,16,0.87624856407491,31,83,0
35,0,1,0.753533171189798,4,44,0
35,1,2,0.834202288644101,3,11,0
393,0,12,0.837224098352417,25,115,0
393,12,13,0.946411928215015,6,10,0
231,0,1,0.775011081103567,15,54,0
231,1,2,,1,1,0
146,0,7,0.866215337502111,19,122,0
146,7,8,0.976614668672713,9,11,0
146,8,9,0.826866519999629,7,29,0
146,9,10,,1,1,0
40,0,1,,1,7,0
40,1,2,,1,5,0
86,0,1,1,4,4,0
86,1,3,1,2,8,0
386,0,1,0.669591945535779,3,8,0
243,0,1,0.946394630357186,3,4,0
243,1,2,0.721928094887362,2,5,0
241,0,1,0.779349837292085,2,13,0
312,0,1,1,2,2,0
360,0,6,0.965633607142825,3,9,0
360,6,7,0.785475297227334,4,10,0
360,7,8,0.713345569533413,6,30,0
360,8,9,0.915538508007517,5,12,0
360,9,10,0.902296865202839,8,15,0
346,0,1,0.718814971502421,6,27,0
88,0,9,0.754695285147068,67,302,0
88,9,12,0.856022044949956,42,145,0
88,12,13,0.91552037705002,7,21,0
140,0,7,0.807694893326274,264,2305,0
154,0,10,0.773871393794102,202,1194,0
49,0,13,0.789234081556882,27,93,0
336,0,18,0.810899193933826,48,591,0
336,18,19,0.960964047443681,4,5,0
203,0,1,0.886859507142915,3,8,0
203,1,2,,1,2,0
195,0,11,0.58631193772775,180,2579,0
141,0,13,0.691052404854294,54,394,0
190,0,2,0.956273208216962,20,26,0
212,0,10,0.878291913876593,26,68,0
426,0,1,0.975503759006108,6,7,0
84,0,4,0.884861668999043,5,12,0
84,4,5,,1,4,0
245,0,7,0.586383753873768,7,230,0
215,0,1,0.41790703479554,6,39,0
215,1,2,0.711733459312972,5,32,0
215,2,3,0.886859656174599,11,24,0
215,3,4,0.902247558876757,11,35,0
215,4,5,0.734282749997343,6,17,0
215,5,6,0.888097478236732,9,21,0
215,6,8,0.946411928215015,6,10,0
215,8,10,0.864973520717927,3,5,0
215,10,12,0.885914242168296,8,18,0
215,12,13,0.921809730122851,15,32,0
215,13,14,0.891059811053997,13,42,0
215,14,15,0.889618000165603,11,21,0
215,15,16,0.918295834054489,4,9,0
39,0,3,0.759394193608911,19,141,0
39,3,4,0.829136521874149,13,35,0
39,4,5,,1,3,0
288,0,1,,1,21,0
179,0,1,0.806873049827202,13,67,0
179,1,2,0.745207105245118,19,78,0
179,2,3,0.782445033040835,36,144,0
179,3,4,0.771718114543884,21,97,0
179,4,15,0.742421830474004,40,366,0
194,0,1,0.617411855620588,13,53,0
25,0,2,0.591672778582327,2,14,0
25,2,3,0.740972410264157,3,69,0
25,3,4,0.449047629612794,7,75,0
25,4,5,0.594160217624751,3,55,0
25,5,6,0.266764987803026,2,22,0
328,0,2,0.596950848104234,3,50,0
328,2,4,0.505364488276453,17,192,0
328,4,5,0.822813774703804,25,191,0
328,5,6,0.842893880826199,27,116,0
328,6,7,0.868385134622956,20,77,0
328,7,8,0.870600385117909,33,216,0
328,8,9,0.867805898282272,41,219,0
29,0,5,0.72483409150576,3,7,0
29,5,6,0.535452288740609,33,250,0
29,6,7,0.408166064432418,49,572,0
29,7,8,0.507580949338489,25,194,0
29,8,9,0.706280211033712,28,173,0
29,9,10,0.590958416302629,15,200,0
29,10,11,0.493540463090977,26,223,0
29,11,12,0.515490201681192,22,195,0
90,0,6,0.840401334125847,45,196,0
90,6,7,0.674091718411387,26,81,0
90,7,8,0.830805011393108,37,111,0
90,8,9,0.896517642714799,47,115,0
90,9,11,0.935434786421356,47,101,0
90,11,12,0.933700502643873,25,46,0
90,12,13,0.712719071639252,19,76,0
90,13,14,0.881870457753582,55,174,0
90,14,15,0.894257886753981,75,222,0
90,15,16,0.896626280426983,43,116,0
90,16,17,0.857214198552641,36,111,0
90,17,18,0.90810492380256,37,83,0
90,18,19,0.840436448493788,24,56,0
90,19,20,0.921948378738174,32,66,0
90,20,21,0.852542899631919,26,58,0
90,21,22,0.910408547854299,37,70,0
90,22,23,0.916257380177123,51,101,0
90,23,24,0.887656922863914,60,157,0
90,24,25,0.897990754138403,72,177,0
90,25,26,0.896514747590061,52,127,0
90,26,27,0.870414256300387,91,334,0
90,27,29,0.854440858583992,119,406,0
90,29,30,0.91594332130921,54,119,0
90,30,32,0.877039606981213,54,135,0
90,32,33,0.846288776035345,16,33,0
90,33,34,0.88279799929536,61,156,0
90,34,35,0.934865160449293,17,33,0
115,0,1,0.529186652853745,10,285,0
115,1,2,0.541268698189904,12,346,0
115,2,3,0.065490821314727,2,129,0
260,0,12,0.789690082142847,3,6,0
260,12,13,0.664362145731206,10,85,0
260,13,14,0.777736064111382,11,37,0
260,14,15,0.851502982717612,8,36,0
260,15,16,0.872047559337753,15,66,0
260,16,17,0.967441074750988,15,49,0
260,17,18,0.900193731271654,15,46,0
260,18,19,0.842545087872166,17,77,0
260,19,20,0.898614371451975,11,20,0
260,20,21,0.814101577639276,15,36,0
260,21,22,0.78689440653301,4,19,0
435,0,1,0.534503532391582,15,155,0
435,1,2,0.636318381927524,26,145,0
290,0,1,0.773101524170457,19,131,0
290,1,2,0.88373805696322,11,45,0
290,2,3,0.888021081063683,18,60,0
439,0,8,0.672713246351862,28,173,0
